intersect_bp,f_orig_query,f_match,f_unique_to_query,f_unique_weighted,average_abund,median_abund,std_abund,name,filename,md5,f_match_orig,unique_intersect_bp,gather_result_rank,remaining_bp
376000,0.07499002792181891,0.07577589681580008,0.07499002792181891,0.049845251669653035,1.627659574468085,1.0,1.1297151076868848,"GCF_003697165.2 Escherichia coli DSM 30083 = JCM 1649 = ATCC 11775 strain=ATCC 11775, ASM369716v2",/group/ctbrowngrp/gtdb/databases/ctb/gtdb-rs202.genomic-reps.k31.sbt.zip,60bfe150353edefcbd7db7314951359d,0.03828140908165343,376000,0,4638000
186000,0.03709613083366574,0.04556589906908378,0.03709613083366574,0.021338980289949502,1.4086021505376345,1.0,0.6262460119811198,"GCF_902167755.1 Prevotella copri DSM 18205, NZ_Prevotella_copri_PS131S11_mod",/group/ctbrowngrp/gtdb/databases/ctb/gtdb-rs202.genomic-reps.k31.sbt.zip,a8e3ef6e73ad83051f3fe58f66e6f8ed,0.022827687776141383,186000,1,4452000
112000,0.022337455125648185,0.021613276727132383,0.022337455125648185,0.01205408046913178,1.3214285714285714,1.0,0.5038119992737816,"GCF_000012825.1 Bacteroides vulgatus ATCC 8482 strain=ATCC 8482, ASM1282v1",/group/ctbrowngrp/gtdb/databases/ctb/gtdb-rs202.genomic-reps.k31.sbt.zip,960cc77fc7b96d595712107aaa1524b5,0.0112,112000,2,4340000
186000,0.03709613083366574,0.019538188277087035,0.01316314319904268,0.00993647173806809,1.8484848484848484,2.0,1.018650685695249,"GCF_000157935.1 Prevotella copri DSM 18205 strain=DSM 18205, ASM15793v1",/group/ctbrowngrp/gtdb/databases/ctb/gtdb-rs202.genomic-reps.k31.sbt.zip,0ccc33af6303b2717760a32ff5429365,0.02741745283018868,66000,3,4274000
